{
  "languages": [
    {
      "spanish": [
        {
          "mainMenu": [
            { "localGame": "Modo Local" },
            { "onlineGame": "Encontrar Partida" },
            { "credits": "Creditos" }
          ]
        },
        {
          "characterSelection": [
            { "titleP1": "Jugador 1: Seleciona tu personaje" },
            { "titleP2": "Jugador 2: Seleciona tu personaje" },
            { "titleOnline": "Seleciona tu personaje" }
          ]
        },
        { "credits": [{ "title": "Creditos" }] }
      ],
      "english":[
        {
          "mainMenu": [
            { "localGame": "Local mode" },
            { "onlineGame": "Find game" },
            { "credits": "Credits" }
          ]
        },
        {
          "characterSelection": [
            { "titleP1": "Player 1: Select your character" },
            { "titleP2": "Player 2: Select your character" },
            { "titleOnline": "Select your character" }
          ]
        },
        { "credits": [{ "title": "Credits" }] }
      ]

    }
  ]
}
