{ "compressionlevel":-1,
 "editorsettings":
    {
     "export":
        {
         "format":"json",
         "target":"map1.json"
        }
    },
 "height":12,
 "infinite":false,
 "layers":[
        {
         "draworder":"topdown",
         "id":2,
         "name":"SpawnPoints",
         "objects":[
                {
                 "height":0,
                 "id":2,
                 "name":"SpawnPlayer1",
                 "point":true,
                 "rotation":0,
                 "type":"",
                 "visible":true,
                 "width":0,
                 "x":32,
                 "y":448
                }, 
                {
                 "height":0,
                 "id":3,
                 "name":"SpawnPlayer2",
                 "point":true,
                 "rotation":0,
                 "type":"",
                 "visible":true,
                 "width":0,
                 "x":992,
                 "y":448
                }],
         "opacity":1,
         "type":"objectgroup",
         "visible":true,
         "x":0,
         "y":0
        }, 
        {
         "draworder":"topdown",
         "id":4,
         "name":"PowerUps",
         "objects":[
                {
                 "height":0,
                 "id":15,
                 "name":"PowerUp",
                 "point":true,
                 "rotation":0,
                 "type":"",
                 "visible":true,
                 "width":0,
                 "x":512,
                 "y":448
                }],
         "opacity":1,
         "type":"objectgroup",
         "visible":true,
         "x":0,
         "y":0
        }, 
        {
         "draworder":"topdown",
         "id":7,
         "name":"Pits",
         "objects":[
                {
                 "height":0,
                 "id":26,
                 "name":"Pit",
                 "point":true,
                 "rotation":0,
                 "type":"",
                 "visible":true,
                 "width":0,
                 "x":224,
                 "y":544
                }, 
                {
                 "height":0,
                 "id":27,
                 "name":"Pit",
                 "point":true,
                 "rotation":0,
                 "type":"",
                 "visible":true,
                 "width":0,
                 "x":224,
                 "y":352
                }, 
                {
                 "height":0,
                 "id":45,
                 "name":"Pit",
                 "point":true,
                 "rotation":0,
                 "type":"",
                 "visible":true,
                 "width":0,
                 "x":512,
                 "y":672
                }, 
                {
                 "height":0,
                 "id":46,
                 "name":"Pit",
                 "point":true,
                 "rotation":0,
                 "type":"",
                 "visible":true,
                 "width":0,
                 "x":512,
                 "y":224
                }, 
                {
                 "height":0,
                 "id":47,
                 "name":"Pit",
                 "point":true,
                 "rotation":0,
                 "type":"",
                 "visible":true,
                 "width":0,
                 "x":800,
                 "y":544
                }, 
                {
                 "height":0,
                 "id":48,
                 "name":"Pit",
                 "point":true,
                 "rotation":0,
                 "type":"",
                 "visible":true,
                 "width":0,
                 "x":800,
                 "y":352
                }],
         "opacity":1,
         "type":"objectgroup",
         "visible":true,
         "x":0,
         "y":0
        }, 
        {
         "draworder":"topdown",
         "id":5,
         "name":"WoodenCrates",
         "objects":[
                {
                 "height":0,
                 "id":28,
                 "name":"WoodenCrate",
                 "point":true,
                 "rotation":0,
                 "type":"",
                 "visible":true,
                 "width":0,
                 "x":480,
                 "y":544
                }, 
                {
                 "height":0,
                 "id":29,
                 "name":"WoodenCrate",
                 "point":true,
                 "rotation":0,
                 "type":"",
                 "visible":true,
                 "width":0,
                 "x":544,
                 "y":544
                }, 
                {
                 "height":0,
                 "id":30,
                 "name":"WoodenCrate",
                 "point":true,
                 "rotation":0,
                 "type":"",
                 "visible":true,
                 "width":0,
                 "x":608,
                 "y":480
                }, 
                {
                 "height":0,
                 "id":31,
                 "name":"WoodenCrate",
                 "point":true,
                 "rotation":0,
                 "type":"",
                 "visible":true,
                 "width":0,
                 "x":608,
                 "y":416
                }, 
                {
                 "height":0,
                 "id":32,
                 "name":"WoodenCrate",
                 "point":true,
                 "rotation":0,
                 "type":"",
                 "visible":true,
                 "width":0,
                 "x":544,
                 "y":352
                }, 
                {
                 "height":0,
                 "id":33,
                 "name":"WoodenCrate",
                 "point":true,
                 "rotation":0,
                 "type":"",
                 "visible":true,
                 "width":0,
                 "x":480,
                 "y":352
                }, 
                {
                 "height":0,
                 "id":34,
                 "name":"WoodenCrate",
                 "point":true,
                 "rotation":0,
                 "type":"",
                 "visible":true,
                 "width":0,
                 "x":416,
                 "y":416
                }, 
                {
                 "height":0,
                 "id":35,
                 "name":"WoodenCrate",
                 "point":true,
                 "rotation":0,
                 "type":"",
                 "visible":true,
                 "width":0,
                 "x":416,
                 "y":480
                }, 
                {
                 "height":0,
                 "id":36,
                 "name":"WoodenCrate",
                 "point":true,
                 "rotation":0,
                 "type":"",
                 "visible":true,
                 "width":0,
                 "x":352,
                 "y":736
                }, 
                {
                 "height":0,
                 "id":37,
                 "name":"WoodenCrate",
                 "point":true,
                 "rotation":0,
                 "type":"",
                 "visible":true,
                 "width":0,
                 "x":672,
                 "y":608
                }, 
                {
                 "height":0,
                 "id":38,
                 "name":"WoodenCrate",
                 "point":true,
                 "rotation":0,
                 "type":"",
                 "visible":true,
                 "width":0,
                 "x":672,
                 "y":160
                }, 
                {
                 "height":0,
                 "id":39,
                 "name":"WoodenCrate",
                 "point":true,
                 "rotation":0,
                 "type":"",
                 "visible":true,
                 "width":0,
                 "x":352,
                 "y":288
                }],
         "opacity":1,
         "type":"objectgroup",
         "visible":true,
         "x":0,
         "y":0
        }, 
        {
         "draworder":"topdown",
         "id":6,
         "name":"IronCrates",
         "objects":[
                {
                 "height":0,
                 "id":6,
                 "name":"IronCrate",
                 "point":true,
                 "rotation":0,
                 "type":"",
                 "visible":true,
                 "width":0,
                 "x":224,
                 "y":416
                }, 
                {
                 "height":0,
                 "id":7,
                 "name":"IronCrate",
                 "point":true,
                 "rotation":0,
                 "type":"",
                 "visible":true,
                 "width":0,
                 "x":224,
                 "y":480
                }, 
                {
                 "height":0,
                 "id":13,
                 "name":"IronCrate",
                 "point":true,
                 "rotation":0,
                 "type":"",
                 "visible":true,
                 "width":0,
                 "x":800,
                 "y":416
                }, 
                {
                 "height":0,
                 "id":14,
                 "name":"IronCrate",
                 "point":true,
                 "rotation":0,
                 "type":"",
                 "visible":true,
                 "width":0,
                 "x":800,
                 "y":477.37975074673
                }, 
                {
                 "height":0,
                 "id":18,
                 "name":"IronCrate",
                 "point":true,
                 "rotation":0,
                 "type":"",
                 "visible":true,
                 "width":0,
                 "x":416,
                 "y":352
                }, 
                {
                 "height":0,
                 "id":19,
                 "name":"IronCrate",
                 "point":true,
                 "rotation":0,
                 "type":"",
                 "visible":true,
                 "width":0,
                 "x":608,
                 "y":352
                }, 
                {
                 "height":0,
                 "id":20,
                 "name":"IronCrate",
                 "point":true,
                 "rotation":0,
                 "type":"",
                 "visible":true,
                 "width":0,
                 "x":608,
                 "y":544
                }, 
                {
                 "height":0,
                 "id":21,
                 "name":"IronCrate",
                 "point":true,
                 "rotation":0,
                 "type":"",
                 "visible":true,
                 "width":0,
                 "x":416,
                 "y":544
                }, 
                {
                 "height":0,
                 "id":22,
                 "name":"IronCrate",
                 "point":true,
                 "rotation":0,
                 "type":"",
                 "visible":true,
                 "width":0,
                 "x":160,
                 "y":608
                }, 
                {
                 "height":0,
                 "id":23,
                 "name":"IronCrate",
                 "point":true,
                 "rotation":0,
                 "type":"",
                 "visible":true,
                 "width":0,
                 "x":160,
                 "y":288
                }, 
                {
                 "height":0,
                 "id":24,
                 "name":"IronCrate",
                 "point":true,
                 "rotation":0,
                 "type":"",
                 "visible":true,
                 "width":0,
                 "x":864,
                 "y":288
                }, 
                {
                 "height":0,
                 "id":25,
                 "name":"IronCrate",
                 "point":true,
                 "rotation":0,
                 "type":"",
                 "visible":true,
                 "width":0,
                 "x":864,
                 "y":608
                }, 
                {
                 "height":0,
                 "id":40,
                 "name":"IronCrate",
                 "point":true,
                 "rotation":0,
                 "type":"",
                 "visible":true,
                 "width":0,
                 "x":352,
                 "y":608
                }, 
                {
                 "height":0,
                 "id":41,
                 "name":"IronCrate",
                 "point":true,
                 "rotation":0,
                 "type":"",
                 "visible":true,
                 "width":0,
                 "x":672,
                 "y":736
                }, 
                {
                 "height":0,
                 "id":42,
                 "name":"IronCrate",
                 "point":true,
                 "rotation":0,
                 "type":"",
                 "visible":true,
                 "width":0,
                 "x":672,
                 "y":288
                }, 
                {
                 "height":0,
                 "id":43,
                 "name":"IronCrate",
                 "point":true,
                 "rotation":0,
                 "type":"",
                 "visible":true,
                 "width":0,
                 "x":352,
                 "y":160
                }],
         "opacity":1,
         "type":"objectgroup",
         "visible":true,
         "x":0,
         "y":0
        }, 
        {
         "data":[0, 0, 0, 0, 0, 0, 0, 0, 0, 0, 0, 0, 0, 0, 0, 0, 0, 0, 0, 0, 0, 0, 0, 0, 0, 0, 0, 0, 0, 0, 0, 0, 6, 1, 5, 2, 7, 6, 9, 3, 6, 7, 3, 10, 1, 9, 1, 2, 11, 11, 10, 3, 3, 1, 7, 3, 6, 10, 3, 2, 10, 11, 2, 7, 10, 5, 11, 9, 3, 5, 1, 3, 10, 10, 10, 9, 11, 11, 9, 5, 3, 6, 11, 11, 11, 11, 10, 7, 3, 9, 5, 9, 11, 11, 2, 9, 9, 9, 11, 11, 11, 11, 7, 10, 6, 5, 11, 11, 11, 3, 5, 10, 6, 3, 1, 11, 1, 5, 10, 1, 11, 11, 11, 6, 5, 2, 1, 5, 1, 11, 11, 5, 9, 11, 1, 3, 5, 3, 6, 10, 11, 1, 11, 3, 11, 11, 11, 7, 3, 11, 10, 6, 10, 3, 10, 11, 11, 1, 11, 3, 11, 11, 11, 11, 11, 9, 3, 10, 5, 1, 11, 11, 11, 11, 11, 3, 5, 6, 1, 5, 5, 6, 5, 9, 1, 6, 10, 1, 3, 11, 11, 3],
         "height":12,
         "id":1,
         "name":"Suelo",
         "opacity":1,
         "type":"tilelayer",
         "visible":true,
         "width":16,
         "x":0,
         "y":0
        }],
 "nextlayerid":8,
 "nextobjectid":49,
 "orientation":"orthogonal",
 "renderorder":"right-down",
 "tiledversion":"1.4.3",
 "tileheight":64,
 "tilesets":[
        {
         "columns":4,
         "firstgid":1,
         "image":"..\/..\/..\/..\/..\/..\/..\/Documents\/FloorTileset_64.png",
         "imageheight":192,
         "imagewidth":256,
         "margin":0,
         "name":"Tileset_64",
         "spacing":0,
         "tilecount":12,
         "tileheight":64,
         "tilewidth":64
        }],
 "tilewidth":64,
 "type":"map",
 "version":1.4,
 "width":16
}