{ "compressionlevel":-1,
 "editorsettings":
    {
     "export":
        {
         "format":"json"
        }
    },
 "height":12,
 "infinite":false,
 "layers":[
        {
         "data":[0, 0, 0, 0, 0, 0, 0, 0, 0, 0, 0, 0, 0, 0, 0, 0, 0, 0, 0, 0, 0, 0, 0, 0, 0, 0, 0, 0, 0, 0, 0, 0, 6, 6, 9, 5, 1, 6, 2, 11, 3, 7, 6, 11, 11, 6, 6, 10, 10, 11, 9, 2, 9, 2, 6, 10, 9, 9, 11, 11, 7, 6, 7, 3, 5, 10, 7, 2, 3, 3, 3, 6, 11, 6, 11, 11, 2, 7, 9, 3, 11, 5, 3, 6, 9, 10, 9, 5, 6, 1, 9, 11, 11, 11, 11, 11, 10, 11, 11, 11, 2, 1, 6, 6, 2, 6, 2, 11, 11, 11, 9, 3, 7, 9, 11, 11, 6, 1, 6, 11, 11, 5, 7, 6, 11, 11, 11, 11, 11, 11, 2, 6, 3, 6, 2, 1, 9, 3, 3, 5, 6, 9, 11, 2, 11, 11, 11, 11, 11, 11, 9, 7, 9, 10, 3, 5, 5, 10, 2, 9, 10, 2, 9, 6, 11, 11, 2, 7, 11, 2, 11, 9, 10, 10, 10, 2, 6, 2, 3, 10, 11, 11, 11, 9, 6, 5, 9, 11, 7, 11, 6, 7],
         "height":12,
         "id":1,
         "name":"Suelo",
         "opacity":0.97,
         "type":"tilelayer",
         "visible":true,
         "width":16,
         "x":0,
         "y":0
        }, 
        {
         "draworder":"topdown",
         "id":7,
         "name":"Pits",
         "objects":[
                {
                 "height":0,
                 "id":65,
                 "name":"Pit",
                 "point":true,
                 "rotation":0,
                 "type":"",
                 "visible":true,
                 "width":0,
                 "x":224,
                 "y":352
                }, 
                {
                 "height":0,
                 "id":66,
                 "name":"Pit",
                 "point":true,
                 "rotation":0,
                 "type":"",
                 "visible":true,
                 "width":0,
                 "x":224,
                 "y":224
                }, 
                {
                 "height":0,
                 "id":67,
                 "name":"Pit",
                 "point":true,
                 "rotation":0,
                 "type":"",
                 "visible":true,
                 "width":0,
                 "x":96,
                 "y":224
                }, 
                {
                 "height":0,
                 "id":68,
                 "name":"Pit",
                 "point":true,
                 "rotation":0,
                 "type":"",
                 "visible":true,
                 "width":0,
                 "x":96,
                 "y":352
                }, 
                {
                 "height":0,
                 "id":69,
                 "name":"Pit",
                 "point":true,
                 "rotation":0,
                 "type":"",
                 "visible":true,
                 "width":0,
                 "x":800,
                 "y":544
                }, 
                {
                 "height":0,
                 "id":70,
                 "name":"Pit",
                 "point":true,
                 "rotation":0,
                 "type":"",
                 "visible":true,
                 "width":0,
                 "x":800,
                 "y":672
                }, 
                {
                 "height":0,
                 "id":71,
                 "name":"Pit",
                 "point":true,
                 "rotation":0,
                 "type":"",
                 "visible":true,
                 "width":0,
                 "x":928,
                 "y":672
                }, 
                {
                 "height":0,
                 "id":72,
                 "name":"Pit",
                 "point":true,
                 "rotation":0,
                 "type":"",
                 "visible":true,
                 "width":0,
                 "x":928,
                 "y":544
                }],
         "opacity":1,
         "type":"objectgroup",
         "visible":true,
         "x":0,
         "y":0
        }, 
        {
         "draworder":"topdown",
         "id":6,
         "name":"IronCrates",
         "objects":[
                {
                 "height":0,
                 "id":49,
                 "name":"IronCrate",
                 "point":true,
                 "rotation":0,
                 "type":"",
                 "visible":true,
                 "width":0,
                 "x":384,
                 "y":608
                }, 
                {
                 "height":0,
                 "id":50,
                 "name":"IronCrate",
                 "point":true,
                 "rotation":0,
                 "type":"",
                 "visible":true,
                 "width":0,
                 "x":448,
                 "y":608
                }, 
                {
                 "height":0,
                 "id":51,
                 "name":"IronCrate",
                 "point":true,
                 "rotation":0,
                 "type":"",
                 "visible":true,
                 "width":0,
                 "x":512,
                 "y":608
                }, 
                {
                 "height":0,
                 "id":52,
                 "name":"IronCrate",
                 "point":true,
                 "rotation":0,
                 "type":"",
                 "visible":true,
                 "width":0,
                 "x":576,
                 "y":608
                }, 
                {
                 "height":0,
                 "id":53,
                 "name":"IronCrate",
                 "point":true,
                 "rotation":0,
                 "type":"",
                 "visible":true,
                 "width":0,
                 "x":640,
                 "y":608
                }, 
                {
                 "height":0,
                 "id":54,
                 "name":"IronCrate",
                 "point":true,
                 "rotation":0,
                 "type":"",
                 "visible":true,
                 "width":0,
                 "x":384,
                 "y":288
                }, 
                {
                 "height":0,
                 "id":55,
                 "name":"IronCrate",
                 "point":true,
                 "rotation":0,
                 "type":"",
                 "visible":true,
                 "width":0,
                 "x":448,
                 "y":288
                }, 
                {
                 "height":0,
                 "id":56,
                 "name":"IronCrate",
                 "point":true,
                 "rotation":0,
                 "type":"",
                 "visible":true,
                 "width":0,
                 "x":512,
                 "y":288
                }, 
                {
                 "height":0,
                 "id":57,
                 "name":"IronCrate",
                 "point":true,
                 "rotation":0,
                 "type":"",
                 "visible":true,
                 "width":0,
                 "x":576,
                 "y":288
                }, 
                {
                 "height":0,
                 "id":58,
                 "name":"IronCrate",
                 "point":true,
                 "rotation":0,
                 "type":"",
                 "visible":true,
                 "width":0,
                 "x":640,
                 "y":288
                }, 
                {
                 "height":0,
                 "id":81,
                 "name":"IronCrate",
                 "point":true,
                 "rotation":0,
                 "type":"",
                 "visible":true,
                 "width":0,
                 "x":512,
                 "y":448
                }],
         "opacity":1,
         "type":"objectgroup",
         "visible":true,
         "x":0,
         "y":0
        }, 
        {
         "draworder":"topdown",
         "id":5,
         "name":"WoodenCrates",
         "objects":[
                {
                 "height":0,
                 "id":59,
                 "name":"WoodenCrate",
                 "point":true,
                 "rotation":0,
                 "type":"",
                 "visible":true,
                 "width":0,
                 "x":128,
                 "y":512
                }, 
                {
                 "height":0,
                 "id":60,
                 "name":"WoodenCrate",
                 "point":true,
                 "rotation":0,
                 "type":"",
                 "visible":true,
                 "width":0,
                 "x":192,
                 "y":512
                }, 
                {
                 "height":0,
                 "id":61,
                 "name":"WoodenCrate",
                 "point":true,
                 "rotation":0,
                 "type":"",
                 "visible":true,
                 "width":0,
                 "x":256,
                 "y":512
                }, 
                {
                 "height":0,
                 "id":62,
                 "name":"WoodenCrate",
                 "point":true,
                 "rotation":0,
                 "type":"",
                 "visible":true,
                 "width":0,
                 "x":768,
                 "y":384
                }, 
                {
                 "height":0,
                 "id":63,
                 "name":"WoodenCrate",
                 "point":true,
                 "rotation":0,
                 "type":"",
                 "visible":true,
                 "width":0,
                 "x":832,
                 "y":384
                }, 
                {
                 "height":0,
                 "id":64,
                 "name":"WoodenCrate",
                 "point":true,
                 "rotation":0,
                 "type":"",
                 "visible":true,
                 "width":0,
                 "x":896,
                 "y":384
                }, 
                {
                 "height":0,
                 "id":73,
                 "name":"WoodenCrate",
                 "point":true,
                 "rotation":0,
                 "type":"",
                 "visible":true,
                 "width":0,
                 "x":960,
                 "y":384
                }, 
                {
                 "height":0,
                 "id":74,
                 "name":"WoodenCrate",
                 "point":true,
                 "rotation":0,
                 "type":"",
                 "visible":true,
                 "width":0,
                 "x":64,
                 "y":512
                }],
         "opacity":1,
         "type":"objectgroup",
         "visible":true,
         "x":0,
         "y":0
        }, 
        {
         "draworder":"topdown",
         "id":4,
         "name":"PowerUps",
         "objects":[
                {
                 "height":0,
                 "id":77,
                 "name":"PowerUp",
                 "point":true,
                 "rotation":0,
                 "type":"",
                 "visible":true,
                 "width":0,
                 "x":864,
                 "y":288
                }, 
                {
                 "height":0,
                 "id":78,
                 "name":"PowerUp",
                 "point":true,
                 "rotation":0,
                 "type":"",
                 "visible":true,
                 "width":0,
                 "x":160,
                 "y":288
                }, 
                {
                 "height":0,
                 "id":79,
                 "name":"PowerUp",
                 "point":true,
                 "rotation":0,
                 "type":"",
                 "visible":true,
                 "width":0,
                 "x":864,
                 "y":608
                }, 
                {
                 "height":0,
                 "id":80,
                 "name":"PowerUp",
                 "point":true,
                 "rotation":0,
                 "type":"",
                 "visible":true,
                 "width":0,
                 "x":160,
                 "y":608
                }],
         "opacity":1,
         "type":"objectgroup",
         "visible":true,
         "x":0,
         "y":0
        }, 
        {
         "draworder":"topdown",
         "id":2,
         "name":"SpawnPoints",
         "objects":[
                {
                 "height":0,
                 "id":75,
                 "name":"SpawnPlayer1",
                 "point":true,
                 "rotation":0,
                 "type":"",
                 "visible":true,
                 "width":0,
                 "x":512,
                 "y":192
                }, 
                {
                 "height":0,
                 "id":76,
                 "name":"SpawnPlayer2",
                 "point":true,
                 "rotation":0,
                 "type":"",
                 "visible":true,
                 "width":0,
                 "x":512,
                 "y":704
                }],
         "opacity":1,
         "type":"objectgroup",
         "visible":true,
         "x":0,
         "y":0
        }],
 "nextlayerid":9,
 "nextobjectid":82,
 "orientation":"orthogonal",
 "renderorder":"right-down",
 "tiledversion":"1.4.3",
 "tileheight":64,
 "tilesets":[
        {
         "columns":4,
         "firstgid":1,
         "image":"..\/..\/..\/..\/..\/..\/..\/Documents\/FloorTileset_64.png",
         "imageheight":192,
         "imagewidth":256,
         "margin":0,
         "name":"Tileset_64",
         "spacing":0,
         "tilecount":12,
         "tileheight":64,
         "tilewidth":64
        }],
 "tilewidth":64,
 "type":"map",
 "version":1.4,
 "width":16
}